min_x,min_y,max_x,max_y,label
0.6736842105263158,0.20995670995670995,0.8842105263157894,0.6038961038961039,box
0.11315789473684211,0.2619047619047619,0.6631578947368421,0.8463203463203464,cube
