min_x,min_y,max_x,max_y,label
0.2723684210526316,0.19696969696969696,0.6947368421052632,0.8939393939393939,cube
0.6776315789473685,0.2683982683982684,0.9263157894736842,0.6536796536796536,box
