min_x,min_y,max_x,max_y,label
0.41842105263157897,0.06493506493506493,0.743421052631579,0.9069264069264069,cube
0.8131578947368421,0.25757575757575757,0.9697368421052631,0.551948051948052,box
