min_x,min_y,max_x,max_y,label
0.1631578947368421,0.23376623376623376,0.6868421052631579,0.9134199134199135,cube
0.7105263157894737,0.21428571428571427,0.8881578947368421,0.6255411255411255,box
