min_x,min_y,max_x,max_y,label
0.11052631578947368,0.18831168831168832,0.35657894736842105,0.8463203463203464,cube
0.6105263157894737,0.26406926406926406,0.9315789473684211,0.7813852813852814,box
