min_x,min_y,max_x,max_y,label
0.13157894736842105,0.14285714285714285,0.46710526315789475,0.854978354978355,cube
0.631578947368421,0.3116883116883117,0.9552631578947368,0.8051948051948052,box
