min_x,min_y,max_x,max_y,label
0.3815789473684211,0.1277056277056277,0.6131578947368421,0.8744588744588745,cube
0.8210526315789474,0.2813852813852814,0.9947368421052631,0.5757575757575758,box
