min_x,min_y,max_x,max_y,label
0.7421052631578947,0.23376623376623376,0.9539473684210527,0.6341991341991342,box
0.3473684210526316,0.2727272727272727,0.7763157894736842,0.9761904761904762,cube
