min_x,min_y,max_x,max_y,label
0.3394736842105263,0.14502164502164502,0.6460526315789473,0.8961038961038961,cube
0.7789473684210526,0.2012987012987013,0.9789473684210527,0.5476190476190477,box
