min_x,min_y,max_x,max_y,label
0.2565789473684211,0.11904761904761904,0.6605263157894737,0.9069264069264069,cube
0.8526315789473684,0.27056277056277056,0.9842105263157894,0.525974025974026,box
