min_x,min_y,max_x,max_y,label
0.9315789473684211,0.2619047619047619,0.9921052631578947,0.5281385281385281,box
0.5302631578947369,0.15367965367965367,0.7789473684210526,0.841991341991342,cube
