min_x,min_y,max_x,max_y,label
0.8394736842105263,0.20346320346320346,0.9947368421052631,0.6190476190476191,box
0.3618421052631579,0.19696969696969696,0.7684210526315789,0.9675324675324676,cube
