min_x,min_y,max_x,max_y,label
0.6210526315789474,0.28354978354978355,0.8868421052631579,0.658008658008658,box
0.20526315789473684,0.12337662337662338,0.5210526315789473,0.9761904761904762,cube
