min_x,min_y,max_x,max_y,label
0.09078947368421053,0.1645021645021645,0.35789473684210527,0.8614718614718615,cube
0.6157894736842106,0.25757575757575757,0.8934210526315789,0.7337662337662337,box
