min_x,min_y,max_x,max_y,label
0.2026315789473684,0.15367965367965367,0.4421052631578947,0.9978354978354979,cube
0.6513157894736842,0.3051948051948052,0.8736842105263158,0.6818181818181818,box
0.5631578947368421,0.02813852813852814,0.725,0.29004329004329005,cube
