min_x,min_y,max_x,max_y,label
0.16578947368421051,0.19480519480519481,0.4368421052631579,0.8636363636363636,cube
0.5842105263157895,0.29653679653679654,0.9539473684210527,0.7640692640692641,box
