min_x,min_y,max_x,max_y,label
0.8236842105263158,0.19696969696969696,0.9947368421052631,0.5952380952380952,box
0.475,0.14285714285714285,0.6381578947368421,0.8939393939393939,cube
