min_x,min_y,max_x,max_y,label
0.11842105263157894,0.170995670995671,0.3815789473684211,0.8679653679653679,cube
0.6026315789473684,0.2922077922077922,0.9552631578947368,0.7792207792207793,box
