min_x,min_y,max_x,max_y,label
0.6973684210526315,0.2532467532467532,0.9789473684210527,0.6341991341991342,box
0.13289473684210526,0.25757575757575757,0.6723684210526316,0.8658008658008658,cube
