min_x,min_y,max_x,max_y,label
0.11578947368421053,0.17316017316017315,0.6855263157894737,0.9588744588744589,cube
0.7,0.24675324675324675,0.9552631578947368,0.6060606060606061,box
