min_x,min_y,max_x,max_y,label
0.3171052631578947,0.9783549783549783,0.3171052631578947,0.9783549783549783,cube
0.7052631578947368,0.22727272727272727,0.9421052631578948,0.6168831168831169,box
