min_x,min_y,max_x,max_y,label
0.9986842105263158,0.44372294372294374,0.9986842105263158,0.44372294372294374,box
0.20526315789473684,0.5432900432900433,0.75,0.8593073593073594,cube
0.7328947368421053,0.22727272727272727,0.9921052631578947,0.44155844155844154,box
